INSERT INTO store (store_code, store_name) VALUES
('001', 'SAMPLE');

INSERT INTO register_type (type_code, type_name) VALUES
('SEMI', 'セミセルフ'),
('NORMAL', 'ノーマル'),
('SELF', 'セルフ'),
('SC', 'サービスカウンター');

INSERT INTO register (store_code, register_no, register_name, short_name, open_priority, register_type) VALUES
('001', 1, 'レジ1', '101', 1, 'SEMI'),
('001', 2, 'レジ2', '102', 2, 'SEMI'),
('001', 3, 'レジ3', '103', 3, 'SEMI'),
('001', 4, 'レジ4', '104', 4, 'SEMI'),
('001', 5, 'レジ5', '105', 5, 'SEMI'),
('001', 6, 'レジ6', '106', 6, 'NORMAL'),
('001', 7, 'セルフ1', '85', 99, 'SELF'),
('001', 8, 'セルフ2', '84', 99, 'SELF'),
('001', 9, 'サービスカウンター1', 'SC1', 99, 'SC'),
('001', 10, 'サービスカウンター2', 'SC2', 99, 'SC');

INSERT INTO employee (store_code, employee_code, employee_name, can_short_follow, max_work_minutes_day, max_work_days_month) VALUES
('001', 'A', 'A', 4, 480, 21),
('001', 'B', 'B', 0, 480, 21),
('001', 'C', 'C', 4, 480, 21),
('001', 'D', 'D', 0, 480, 21),
('001', 'E', 'E', 4, 480, 21),
('001', 'F', 'F', 0, 480, 21),
('001', 'G', 'G', 0, 480, 21),
('001', 'H', 'H', 0, 480, 21),
('001', 'I', 'I', 0, 480, 21),
('001', 'J', 'J', 0, 480, 21),
('001', 'K', 'K', 0, 480, 21),
('001', 'L', 'L', 0, 480, 21),
('001', 'M', 'M', 4, 480, 21),
('001', 'N', 'N', 0, 480, 21),
('001', 'O', 'O', 0, 480, 21),
('001', 'P', 'P', 0, 480, 21),
('001', 'Q', 'Q', 0, 480, 21),
('001', 'R', 'R', 0, 480, 21),
('001', 'S', 'S', 0, 480, 21),
('001', 'T', 'T', 0, 480, 21),
('001', 'U', 'U', 0, 480, 21),
('001', 'V', 'V', 0, 480, 21),
('001', 'W', 'W', 0, 480, 21),
('001', 'X', 'X', 0, 480, 21),
('001', 'Y', 'Y', 0, 480, 21),
('001', 'Z', 'Z', 0, 480, 21),
('001', 'AA', 'AA', 0, 480, 21),
('001', 'AB', 'AB', 0, 480, 21),
('001', 'AC', 'AC', 0, 480, 21),
('001', 'AD', 'AD', 0, 480, 21),
('001', 'AE', 'AE', 3, 480, 21),
('001', 'AF', 'AF', 3, 480, 21),
('001', 'AG', 'AG', 3, 480, 21);

INSERT INTO employee_register_skill (store_code, employee_code, register_no, skill_level) VALUES
-- A
('001','A',1,3),('001','A',2,3),('001','A',3,3),('001','A',4,3),('001','A',5,3),
('001','A',6,4),('001','A',7,3),('001','A',8,3),('001','A',9,4),('001','A',10,4),
-- B
('001','B',1,3),('001','B',2,3),('001','B',3,3),('001','B',4,3),('001','B',5,3),
('001','B',6,3),('001','B',7,4),('001','B',8,4),('001','B',9,1),('001','B',10,1),
-- C
('001','C',1,3),('001','C',2,3),('001','C',3,3),('001','C',4,3),('001','C',5,3),
('001','C',6,4),('001','C',7,3),('001','C',8,3),('001','C',9,4),('001','C',10,4),
-- D
('001','D',1,4),('001','D',2,4),('001','D',3,3),('001','D',4,3),('001','D',5,3),
('001','D',6,4),('001','D',7,3),('001','D',8,3),('001','D',9,3),('001','D',10,3),
-- E
('001','E',1,3),('001','E',2,3),('001','E',3,3),('001','E',4,3),('001','E',5,3),
('001','E',6,4),('001','E',7,3),('001','E',8,3),('001','E',9,3),('001','E',10,3),
-- F
('001','F',1,3),('001','F',2,3),('001','F',3,4),('001','F',4,4),('001','F',5,3),
('001','F',6,3),('001','F',7,3),('001','F',8,3),('001','F',9,1),('001','F',10,1),
-- G
('001','G',1,4),('001','G',2,4),('001','G',3,3),('001','G',4,3),('001','G',5,3),
('001','G',6,3),('001','G',7,3),('001','G',8,3),('001','G',9,1),('001','G',10,1),
-- H
('001','H',1,3),('001','H',2,3),('001','H',3,3),('001','H',4,3),('001','H',5,3),
('001','H',6,3),('001','H',7,4),('001','H',8,4),('001','H',9,1),('001','H',10,1),
-- I
('001','I',1,3),('001','I',2,3),('001','I',3,4),('001','I',4,4),('001','I',5,3),
('001','I',6,1),('001','I',7,3),('001','I',8,3),('001','I',9,1),('001','I',10,1),
-- J
('001','J',1,4),('001','J',2,4),('001','J',3,3),('001','J',4,3),('001','J',5,3),
('001','J',6,4),('001','J',7,3),('001','J',8,3),('001','J',9,1),('001','J',10,1),
-- K
('001','K',1,3),('001','K',2,3),('001','K',3,4),('001','K',4,4),('001','K',5,3),
('001','K',6,1),('001','K',7,1),('001','K',8,1),('001','K',9,1),('001','K',10,1),
-- L
('001','L',1,3),('001','L',2,3),('001','L',3,3),('001','L',4,3),('001','L',5,3),
('001','L',6,1),('001','L',7,4),('001','L',8,4),('001','L',9,1),('001','L',10,1),
-- M
('001','M',1,3),('001','M',2,3),('001','M',3,3),('001','M',4,3),('001','M',5,3),
('001','M',6,4),('001','M',7,3),('001','M',8,3),('001','M',9,3),('001','M',10,3),
-- N
('001','N',1,4),('001','N',2,4),('001','N',3,3),('001','N',4,3),('001','N',5,3),
('001','N',6,1),('001','N',7,3),('001','N',8,3),('001','N',9,1),('001','N',10,1),
-- O
('001','O',1,3),('001','O',2,3),('001','O',3,4),('001','O',4,4),('001','O',5,3),
('001','O',6,1),('001','O',7,3),('001','O',8,3),('001','O',9,1),('001','O',10,1),
-- P
('001','P',1,3),('001','P',2,3),('001','P',3,3),('001','P',4,3),('001','P',5,3),
('001','P',6,1),('001','P',7,4),('001','P',8,4),('001','P',9,1),('001','P',10,1),
-- Q
('001','Q',1,3),('001','Q',2,3),('001','Q',3,3),('001','Q',4,3),('001','Q',5,3),
('001','Q',6,1),('001','Q',7,4),('001','Q',8,4),('001','Q',9,1),('001','Q',10,1),
-- R
('001','R',1,3),('001','R',2,3),('001','R',3,4),('001','R',4,4),('001','R',5,3),
('001','R',6,1),('001','R',7,1),('001','R',8,1),('001','R',9,1),('001','R',10,1),
-- S
('001','S',1,3),('001','S',2,3),('001','S',3,3),('001','S',4,3),('001','S',5,3),
('001','S',6,1),('001','S',7,1),('001','S',8,1),('001','S',9,1),('001','S',10,1),
-- T
('001','T',1,3),('001','T',2,3),('001','T',3,3),('001','T',4,3),('001','T',5,3),
('001','T',6,1),('001','T',7,1),('001','T',8,1),('001','T',9,1),('001','T',10,1),
-- U
('001','U',1,3),('001','U',2,3),('001','U',3,4),('001','U',4,4),('001','U',5,3),
('001','U',6,1),('001','U',7,1),('001','U',8,1),('001','U',9,1),('001','U',10,1),
-- V
('001','V',1,4),('001','V',2,4),('001','V',3,3),('001','V',4,3),('001','V',5,3),
('001','V',6,1),('001','V',7,1),('001','V',8,1),('001','V',9,1),('001','V',10,1),
-- W
('001','W',1,4),('001','W',2,4),('001','W',3,3),('001','W',4,3),('001','W',5,3),
('001','W',6,1),('001','W',7,1),('001','W',8,1),('001','W',9,1),('001','W',10,1),
-- X
('001','X',1,3),('001','X',2,3),('001','X',3,3),('001','X',4,3),('001','X',5,3),
('001','X',6,1),('001','X',7,4),('001','X',8,4),('001','X',9,1),('001','X',10,1),
-- Y
('001','Y',1,3),('001','Y',2,3),('001','Y',3,4),('001','Y',4,4),('001','Y',5,3),
('001','Y',6,1),('001','Y',7,1),('001','Y',8,1),('001','Y',9,1),('001','Y',10,1),
-- Z
('001','Z',1,3),('001','Z',2,3),('001','Z',3,4),('001','Z',4,4),('001','Z',5,3),
('001','Z',6,1),('001','Z',7,1),('001','Z',8,1),('001','Z',9,1),('001','Z',10,1),
-- AA
('001','AA',1,1),('001','AA',2,1),('001','AA',3,1),('001','AA',4,1),('001','AA',5,1),
('001','AA',6,1),('001','AA',7,1),('001','AA',8,1),('001','AA',9,1),('001','AA',10,1),
-- AB
('001','AB',1,1),('001','AB',2,1),('001','AB',3,1),('001','AB',4,1),('001','AB',5,1),
('001','AB',6,1),('001','AB',7,1),('001','AB',8,1),('001','AB',9,1),('001','AB',10,1),
-- AC
('001','AC',1,1),('001','AC',2,1),('001','AC',3,1),('001','AC',4,1),('001','AC',5,1),
('001','AC',6,1),('001','AC',7,1),('001','AC',8,1),('001','AC',9,1),('001','AC',10,1),
-- AD
('001','AD',1,1),('001','AD',2,1),('001','AD',3,1),('001','AD',4,1),('001','AD',5,1),
('001','AD',6,1),('001','AD',7,1),('001','AD',8,1),('001','AD',9,1),('001','AD',10,1),
-- AE
('001','AE',1,1),('001','AE',2,1),('001','AE',3,1),('001','AE',4,1),('001','AE',5,1),
('001','AE',6,1),('001','AE',7,3),('001','AE',8,3),('001','AE',9,1),('001','AE',10,1),
-- AF
('001','AF',1,1),('001','AF',2,1),('001','AF',3,1),('001','AF',4,1),('001','AF',5,1),
('001','AF',6,1),('001','AF',7,3),('001','AF',8,3),('001','AF',9,1),('001','AF',10,1),
-- AG
('001','AG',1,1),('001','AG',2,1),('001','AG',3,1),('001','AG',4,1),('001','AG',5,1),
('001','AG',6,1),('001','AG',7,3),('001','AG',8,3),('001','AG',9,1),('001','AG',10,1);

/* ===========================================
   register_demand_quarter  15分需要データ
   store_code = '569'
   時刻列は make_time(8,0,0) + idx*15min で自動生成
=========================================== */
WITH data (date_str, vals) AS (
    VALUES
    -- 月 2025-04-07
    ('2025-04-07', ARRAY[
      0,0,0,0, 1,1,1,1, 2,2,2,2, 2,2,2,2, 2,2,2,2,
      2,2,2,2, 2,2,2,2, 2,2,2,2, 2,2,2,2, 2,2,2,2,
      2,2,2,2, 2,2,2,2, 1,1,1,1, 1,1,1,1, 1,1,1,1]),
    -- 火 2025-04-08
    ('2025-04-08', ARRAY[
      0,0,0,0, 1,1,1,1, 2,2,2,2, 2,2,2,2, 2,2,2,2,
      2,2,2,2, 2,2,2,2, 2,2,2,2, 2,2,2,2, 3,3,3,3,
      2,2,2,2, 2,2,2,2, 1,1,1,1, 1,1,1,1, 1,1,1,1]),
    -- 水 2025-04-09
    ('2025-04-09', ARRAY[
      0,0,0,0, 1,1,1,1, 3,3,3,3, 3,3,3,3, 2,2,2,2,
      2,2,2,2, 2,2,2,2, 2,2,2,2, 2,2,2,2, 2,2,2,2,
      2,2,2,2, 2,2,2,2, 1,1,1,1, 2,2,2,2, 1,1,1,1]),
    -- 木 2025-04-10
    ('2025-04-10', ARRAY[
      0,0,0,0, 1,1,1,1, 2,2,2,2, 2,2,2,2, 2,2,2,2,
      2,2,2,2, 2,2,2,2, 2,2,2,2, 2,2,2,2, 2,2,2,2,
      2,2,2,2, 2,2,2,2, 2,2,2,2, 1,1,1,1, 1,1,1,1]),
    -- 金 2025-04-11
    ('2025-04-11', ARRAY[
      0,0,0,0, 1,1,1,1, 2,2,2,2, 3,3,3,3, 2,2,2,2,
      2,2,2,2, 2,2,2,2, 2,2,2,2, 2,2,2,2, 2,2,2,2,
      2,2,2,2, 2,2,2,2, 2,2,2,2, 2,2,2,2, 1,1,1,1]),
    -- 土 2025-04-12
    ('2025-04-12', ARRAY[
      0,0,0,0, 2,2,2,2, 3,3,3,3, 4,4,4,4, 3,3,3,3,
      3,3,3,3, 3,3,3,3, 3,3,3,3, 3,3,3,3, 3,3,3,3,
      3,3,3,3, 2,2,2,2, 2,2,2,2, 2,2,2,2, 1,1,1,1]),
    -- 日 2025-04-13
    ('2025-04-13', ARRAY[
      0,0,0,0, 3,3,3,3, 4,4,4,4, 5,5,5,5, 4,4,4,4,
      3,3,3,3, 3,3,3,3, 4,4,4,4, 3,3,3,3, 3,3,3,3,
      3,3,3,3, 2,2,2,2, 2,2,2,2, 1,1,1,1, 1,1,1,1]),
    -- 祝 2025-04-29
    ('2025-04-29', ARRAY[
      0,0,0,0, 2,2,2,2, 4,4,4,4, 4,4,4,4, 3,3,3,3,
      3,3,3,3, 3,3,3,3, 3,3,3,3, 3,3,3,3, 3,3,3,3,
      3,3,3,3, 2,2,2,2, 2,2,2,2, 2,2,2,2, 1,1,1,1])
)
INSERT INTO register_demand_quarter (store_code, demand_date, slot_time, required_units)
SELECT
    '001',
    date_str::date,
    (make_time(8,0,0) + (idx-1)*interval '15 minutes')::time AS slot_time,
    vals[idx]                                                AS required_units
FROM data,
     generate_subscripts(vals,1) AS g(idx)   -- idx = 1 .. 60
ORDER BY demand_date, slot_time;