INSERT INTO store (store_code, store_name) VALUES
('569', 'SAMPLE');

INSERT INTO register_type (type_code, type_name) VALUES
('SEMI', 'セミセルフ'),
('NORMAL', 'ノーマル'),
('SELF', 'セルフ'),
('SC', 'サービスカウンター');

INSERT INTO register (store_code, register_no, register_name, short_name, open_priority, register_type) VALUES
('569', 1, 'レジ1', '101', 1, 'SEMI'),
('569', 2, 'レジ2', '102', 2, 'SEMI'),
('569', 3, 'レジ3', '103', 3, 'SEMI'),
('569', 4, 'レジ4', '104', 4, 'SEMI'),
('569', 5, 'レジ5', '105', 5, 'SEMI'),
('569', 6, 'レジ6', '106', 6, 'NORMAL'),
('569', 7, 'セルフ1', '85', 99, 'SELF'),
('569', 8, 'セルフ2', '84', 99, 'SELF'),
('569', 9, 'サービスカウンター1', 'SC1', 99, 'SC'),
('569', 10, 'サービスカウンター2', 'SC2', 99, 'SC');

INSERT INTO employee (store_code, employee_code, employee_name, can_short_follow, max_work_minutes_day, max_work_days_month) VALUES
('569', 'A', 'A', 4, 480, 21),
('569', 'B', 'B', 0, 480, 21),
('569', 'C', 'C', 4, 480, 21),
('569', 'D', 'D', 0, 480, 21),
('569', 'E', 'E', 4, 480, 21),
('569', 'F', 'F', 0, 480, 21),
('569', 'G', 'G', 0, 480, 21),
('569', 'H', 'H', 0, 480, 21),
('569', 'I', 'I', 0, 480, 21),
('569', 'J', 'J', 0, 480, 21),
('569', 'K', 'K', 0, 480, 21),
('569', 'L', 'L', 0, 480, 21),
('569', 'M', 'M', 4, 480, 21),
('569', 'N', 'N', 0, 480, 21),
('569', 'O', 'O', 0, 480, 21),
('569', 'P', 'P', 0, 480, 21),
('569', 'Q', 'Q', 0, 480, 21),
('569', 'R', 'R', 0, 480, 21),
('569', 'S', 'S', 0, 480, 21),
('569', 'T', 'T', 0, 480, 21),
('569', 'U', 'U', 0, 480, 21),
('569', 'V', 'V', 0, 480, 21),
('569', 'W', 'W', 0, 480, 21),
('569', 'X', 'X', 0, 480, 21),
('569', 'Y', 'Y', 0, 480, 21),
('569', 'Z', 'Z', 0, 480, 21),
('569', 'AA', 'AA', 0, 480, 21),
('569', 'AB', 'AB', 0, 480, 21),
('569', 'AC', 'AC', 0, 480, 21),
('569', 'AD', 'AD', 0, 480, 21),
('569', 'AE', 'AE', 3, 480, 21),
('569', 'AF', 'AF', 3, 480, 21),
('569', 'AG', 'AG', 3, 480, 21);

INSERT INTO employee_register_skill (store_code, employee_code, register_no, skill_level) VALUES
-- A
('569','A',1,3),('569','A',2,3),('569','A',3,3),('569','A',4,3),('569','A',5,3),
('569','A',6,4),('569','A',7,3),('569','A',8,3),('569','A',9,4),('569','A',10,4),
-- B
('569','B',1,3),('569','B',2,3),('569','B',3,3),('569','B',4,3),('569','B',5,3),
('569','B',6,3),('569','B',7,4),('569','B',8,4),('569','B',9,1),('569','B',10,1),
-- C
('569','C',1,3),('569','C',2,3),('569','C',3,3),('569','C',4,3),('569','C',5,3),
('569','C',6,4),('569','C',7,3),('569','C',8,3),('569','C',9,4),('569','C',10,4),
-- D
('569','D',1,4),('569','D',2,4),('569','D',3,3),('569','D',4,3),('569','D',5,3),
('569','D',6,4),('569','D',7,3),('569','D',8,3),('569','D',9,3),('569','D',10,3),
-- E
('569','E',1,3),('569','E',2,3),('569','E',3,3),('569','E',4,3),('569','E',5,3),
('569','E',6,4),('569','E',7,3),('569','E',8,3),('569','E',9,3),('569','E',10,3),
-- F
('569','F',1,3),('569','F',2,3),('569','F',3,4),('569','F',4,4),('569','F',5,3),
('569','F',6,3),('569','F',7,3),('569','F',8,3),('569','F',9,1),('569','F',10,1),
-- G
('569','G',1,4),('569','G',2,4),('569','G',3,3),('569','G',4,3),('569','G',5,3),
('569','G',6,3),('569','G',7,3),('569','G',8,3),('569','G',9,1),('569','G',10,1),
-- H
('569','H',1,3),('569','H',2,3),('569','H',3,3),('569','H',4,3),('569','H',5,3),
('569','H',6,3),('569','H',7,4),('569','H',8,4),('569','H',9,1),('569','H',10,1),
-- I
('569','I',1,3),('569','I',2,3),('569','I',3,4),('569','I',4,4),('569','I',5,3),
('569','I',6,1),('569','I',7,3),('569','I',8,3),('569','I',9,1),('569','I',10,1),
-- J
('569','J',1,4),('569','J',2,4),('569','J',3,3),('569','J',4,3),('569','J',5,3),
('569','J',6,4),('569','J',7,3),('569','J',8,3),('569','J',9,1),('569','J',10,1),
-- K
('569','K',1,3),('569','K',2,3),('569','K',3,4),('569','K',4,4),('569','K',5,3),
('569','K',6,1),('569','K',7,1),('569','K',8,1),('569','K',9,1),('569','K',10,1),
-- L
('569','L',1,3),('569','L',2,3),('569','L',3,3),('569','L',4,3),('569','L',5,3),
('569','L',6,1),('569','L',7,4),('569','L',8,4),('569','L',9,1),('569','L',10,1),
-- M
('569','M',1,3),('569','M',2,3),('569','M',3,3),('569','M',4,3),('569','M',5,3),
('569','M',6,4),('569','M',7,3),('569','M',8,3),('569','M',9,3),('569','M',10,3),
-- N
('569','N',1,4),('569','N',2,4),('569','N',3,3),('569','N',4,3),('569','N',5,3),
('569','N',6,1),('569','N',7,3),('569','N',8,3),('569','N',9,1),('569','N',10,1),
-- O
('569','O',1,3),('569','O',2,3),('569','O',3,4),('569','O',4,4),('569','O',5,3),
('569','O',6,1),('569','O',7,3),('569','O',8,3),('569','O',9,1),('569','O',10,1),
-- P
('569','P',1,3),('569','P',2,3),('569','P',3,3),('569','P',4,3),('569','P',5,3),
('569','P',6,1),('569','P',7,4),('569','P',8,4),('569','P',9,1),('569','P',10,1),
-- Q
('569','Q',1,3),('569','Q',2,3),('569','Q',3,3),('569','Q',4,3),('569','Q',5,3),
('569','Q',6,1),('569','Q',7,4),('569','Q',8,4),('569','Q',9,1),('569','Q',10,1),
-- R
('569','R',1,3),('569','R',2,3),('569','R',3,4),('569','R',4,4),('569','R',5,3),
('569','R',6,1),('569','R',7,1),('569','R',8,1),('569','R',9,1),('569','R',10,1),
-- S
('569','S',1,3),('569','S',2,3),('569','S',3,3),('569','S',4,3),('569','S',5,3),
('569','S',6,1),('569','S',7,1),('569','S',8,1),('569','S',9,1),('569','S',10,1),
-- T
('569','T',1,3),('569','T',2,3),('569','T',3,3),('569','T',4,3),('569','T',5,3),
('569','T',6,1),('569','T',7,1),('569','T',8,1),('569','T',9,1),('569','T',10,1),
-- U
('569','U',1,3),('569','U',2,3),('569','U',3,4),('569','U',4,4),('569','U',5,3),
('569','U',6,1),('569','U',7,1),('569','U',8,1),('569','U',9,1),('569','U',10,1),
-- V
('569','V',1,4),('569','V',2,4),('569','V',3,3),('569','V',4,3),('569','V',5,3),
('569','V',6,1),('569','V',7,1),('569','V',8,1),('569','V',9,1),('569','V',10,1),
-- W
('569','W',1,4),('569','W',2,4),('569','W',3,3),('569','W',4,3),('569','W',5,3),
('569','W',6,1),('569','W',7,1),('569','W',8,1),('569','W',9,1),('569','W',10,1),
-- X
('569','X',1,3),('569','X',2,3),('569','X',3,3),('569','X',4,3),('569','X',5,3),
('569','X',6,1),('569','X',7,4),('569','X',8,4),('569','X',9,1),('569','X',10,1),
-- Y
('569','Y',1,3),('569','Y',2,3),('569','Y',3,4),('569','Y',4,4),('569','Y',5,3),
('569','Y',6,1),('569','Y',7,1),('569','Y',8,1),('569','Y',9,1),('569','Y',10,1),
-- Z
('569','Z',1,3),('569','Z',2,3),('569','Z',3,4),('569','Z',4,4),('569','Z',5,3),
('569','Z',6,1),('569','Z',7,1),('569','Z',8,1),('569','Z',9,1),('569','Z',10,1),
-- AA
('569','AA',1,1),('569','AA',2,1),('569','AA',3,1),('569','AA',4,1),('569','AA',5,1),
('569','AA',6,1),('569','AA',7,1),('569','AA',8,1),('569','AA',9,1),('569','AA',10,1),
-- AB
('569','AB',1,1),('569','AB',2,1),('569','AB',3,1),('569','AB',4,1),('569','AB',5,1),
('569','AB',6,1),('569','AB',7,1),('569','AB',8,1),('569','AB',9,1),('569','AB',10,1),
-- AC
('569','AC',1,1),('569','AC',2,1),('569','AC',3,1),('569','AC',4,1),('569','AC',5,1),
('569','AC',6,1),('569','AC',7,1),('569','AC',8,1),('569','AC',9,1),('569','AC',10,1),
-- AD
('569','AD',1,1),('569','AD',2,1),('569','AD',3,1),('569','AD',4,1),('569','AD',5,1),
('569','AD',6,1),('569','AD',7,1),('569','AD',8,1),('569','AD',9,1),('569','AD',10,1),
-- AE
('569','AE',1,1),('569','AE',2,1),('569','AE',3,1),('569','AE',4,1),('569','AE',5,1),
('569','AE',6,1),('569','AE',7,3),('569','AE',8,3),('569','AE',9,1),('569','AE',10,1),
-- AF
('569','AF',1,1),('569','AF',2,1),('569','AF',3,1),('569','AF',4,1),('569','AF',5,1),
('569','AF',6,1),('569','AF',7,3),('569','AF',8,3),('569','AF',9,1),('569','AF',10,1),
-- AG
('569','AG',1,1),('569','AG',2,1),('569','AG',3,1),('569','AG',4,1),('569','AG',5,1),
('569','AG',6,1),('569','AG',7,3),('569','AG',8,3),('569','AG',9,1),('569','AG',10,1);

/* ===========================================
   register_demand_quarter  15分需要データ
   store_code = '569'
   時刻列は make_time(8,0,0) + idx*15min で自動生成
=========================================== */
WITH data (date_str, vals) AS (
    VALUES
    -- 月 2025-04-07
    ('2025-04-07', ARRAY[
      0,0,0,0, 1,1,1,1, 2,2,2,2, 2,2,2,2, 2,2,2,2,
      2,2,2,2, 2,2,2,2, 2,2,2,2, 2,2,2,2, 2,2,2,2,
      2,2,2,2, 2,2,2,2, 1,1,1,1, 1,1,1,1, 1,1,1,1]),
    -- 火 2025-04-08
    ('2025-04-08', ARRAY[
      0,0,0,0, 1,1,1,1, 2,2,2,2, 2,2,2,2, 2,2,2,2,
      2,2,2,2, 2,2,2,2, 2,2,2,2, 2,2,2,2, 3,3,3,3,
      2,2,2,2, 2,2,2,2, 1,1,1,1, 1,1,1,1, 1,1,1,1]),
    -- 水 2025-04-09
    ('2025-04-09', ARRAY[
      0,0,0,0, 1,1,1,1, 3,3,3,3, 3,3,3,3, 2,2,2,2,
      2,2,2,2, 2,2,2,2, 2,2,2,2, 2,2,2,2, 2,2,2,2,
      2,2,2,2, 2,2,2,2, 1,1,1,1, 2,2,2,2, 1,1,1,1]),
    -- 木 2025-04-10
    ('2025-04-10', ARRAY[
      0,0,0,0, 1,1,1,1, 2,2,2,2, 2,2,2,2, 2,2,2,2,
      2,2,2,2, 2,2,2,2, 2,2,2,2, 2,2,2,2, 2,2,2,2,
      2,2,2,2, 2,2,2,2, 2,2,2,2, 1,1,1,1, 1,1,1,1]),
    -- 金 2025-04-11
    ('2025-04-11', ARRAY[
      0,0,0,0, 1,1,1,1, 2,2,2,2, 3,3,3,3, 2,2,2,2,
      2,2,2,2, 2,2,2,2, 2,2,2,2, 2,2,2,2, 2,2,2,2,
      2,2,2,2, 2,2,2,2, 2,2,2,2, 2,2,2,2, 1,1,1,1]),
    -- 土 2025-04-12
    ('2025-04-12', ARRAY[
      0,0,0,0, 2,2,2,2, 3,3,3,3, 4,4,4,4, 3,3,3,3,
      3,3,3,3, 3,3,3,3, 3,3,3,3, 3,3,3,3, 3,3,3,3,
      3,3,3,3, 2,2,2,2, 2,2,2,2, 2,2,2,2, 1,1,1,1]),
    -- 日 2025-04-13
    ('2025-04-13', ARRAY[
      0,0,0,0, 3,3,3,3, 4,4,4,4, 5,5,5,5, 4,4,4,4,
      3,3,3,3, 3,3,3,3, 4,4,4,4, 3,3,3,3, 3,3,3,3,
      3,3,3,3, 2,2,2,2, 2,2,2,2, 1,1,1,1, 1,1,1,1]),
    -- 祝 2025-04-29
    ('2025-04-29', ARRAY[
      0,0,0,0, 2,2,2,2, 4,4,4,4, 4,4,4,4, 3,3,3,3,
      3,3,3,3, 3,3,3,3, 3,3,3,3, 3,3,3,3, 3,3,3,3,
      3,3,3,3, 2,2,2,2, 2,2,2,2, 2,2,2,2, 1,1,1,1])
)
INSERT INTO register_demand_quarter (store_code, demand_date, slot_time, required_units)
SELECT
    '569',
    date_str::date,
    (make_time(8,0,0) + (idx-1)*interval '15 minutes')::time AS slot_time,
    vals[idx]                                                AS required_units
FROM data,
     generate_subscripts(vals,1) AS g(idx)   -- idx = 1 .. 60
ORDER BY demand_date, slot_time;